Species,Authors,Title,Publication Year,Link,Overall rate of EPP (%),Parental care description,Parental care category ,Average clutch size,Incubation time (days) ,Parenting time (days),Notes
Jacana jacana,Emlen et al.,"Cuckoldry as a cost of polyandry in the sex–role–reversed wattled jacana, Jacana jacana",1998,https://royalsocietypublishing.org/doi/10.1098/rspb.1998.0584,7.5,Fully male-only but with female territory defense,Male-only,4,30,40,"Some females only have one male at a given time, EPP rates are higher (17%) for nests where the female has multiple active mates- need to figure out whether to factor this in and how"
Jacana spinosa,Jenni and Collier,Polyandry in the American Jacana,1972,https://www.jstor.org/stable/4084107,9.2,,Male-only,4,29,38,
Phalaropus fulicarius,Dale et al.,Frequency and timing of extrapair fertilisation in the polyandrous red phalarope (Phalaropus fulicarius),1999,https://link.springer.com/article/10.1007/s002650050591,6.50,,Biparental,5,25,25,
Prunella modularis,N.B. Davies,"Cooperation and conflict among dunnocks, Prunella modularis, in a variable mating system",1985,https://www.sciencedirect.com/science/article/pii/S0003347285800877,11.1,,Male-only,3,24,28,
Centropus grillii,Safari and Goymann,The evolution of reversed sex roles and classical polyandry: Insights from coucals and other animals,2020,https://onlinelibrary.wiley.com/doi/full/10.1111/eth.13095,12.4,,Biparental,6,20,18,
Ficedula hypoleuca,Mats Björklund and Bj6rn Westman,Extra-pair copulations in the Pied Flycatcher (Ficeduht hypoleuca,1983,https://link.springer.com/content/pdf/10.1007/BF00299674.pdf,8.6,,Female-only,5,18,16,
,,,,,16.2,,Biparental,2,21,26,
,,,,,19.1,,Male-only,4,22,30,
,,,,,8.2,,Female-only,3,16,18,
,,,,,9.5,,Male-only,6,26,19,
,,,,,3.2,,Biparental,3,20,22,
,,,,,7.1,,Biparental,4,28,27,